First Name,Last Name,Password,Group1,Group2,Group3
Kayla,Delprat,Password@123,Warehouse,Logistics,Management
Bill,Diggs,Password@123,Warehouse,Logistics,
Luis,Dillingham,Password@123,Warehouse,Logistics,
Simge,Domhof,Password@123,Warehouse,Logistics,
Mollie,Donnelly,Password@123,Plant,Logistics,
Anja,Dresner,Password@123,Plant,Logistics,
Maik,Dresner,Password@123,Plant,Logistics,
Elizabeth,Dullo,Password@123,Plant,Logistics,
Oscar,Duncan,Password@123,Plant,Human Resources,Management
Evie,Eddy,Password@123,Plant,Human Resources,
Ulrich,Eiffel,Password@123,Plant,Human Resources,
Nathan,Ek,Password@123,Plant,Human Resources,
Marlon,Ekström,Password@123,Plant,Human Resources,
Oliver,Elliott,Password@123,Plant,Information Technology,
Everett,Ellis,Password@123,Plant,Information Technology,
Stefan,Engel,Password@123,Plant,Information Technology,
Jacob,Engström,Password@123,Plant,Marketing,Management
Isabelle,Espinosa,Password@123,Plant,Marketing,
Norma,Esposito,Password@123,Plant,Marketing,
Anna,Ewing,Password@123,Plant,Marketing,
Mitchell,Fairley,Password@123,Plant,Marketing,
Birgit,Farber,Password@123,Plant,Marketing,
Adalfredo,Ferri,Password@123,Plant,Marketing,
Xandra,Fijen,Password@123,Plant,Marketing,
Steffen,Fischer,Password@123,Plant,Marketing,
Hayden,Fisher,Password@123,Plant,Marketing,
Pamela,Fisher,Password@123,Plant,Marketing,
Alessio,Folliero,Password@123,Plant,Marketing,
Sjoukje,Frans,Password@123,Plant,Marketing,
Jacintha,Frantzen,Password@123,Plant,Marketing,
Marco,Freeh,Password@123,Plant,Marketing,
Robert,Freytag,Password@123,Plant,Admin Support,Management
Patrick,Fuchs,Password@123,Plant,Admin Support,
Hayden,Fuhrman,Password@123,Plant,Admin Support,
Andreas,Furst,Password@123,Plant,Admin Support,
Jürgen,Furst,Password@123,Plant,Admin Support,
Christian,Gärtner,Password@123,Plant,Admin Support,
Declan,Glew,Password@123,Plant,Admin Support,
Maddison,Glynde,Password@123,Plant,Admin Support,
Charles,Goddard,Password@123,Plant,Admin Support,
Caitlin,Goldie,Password@123,Plant,Admin Support,
Mollie,Gordon,Password@123,Plant,Admin Support,
Jade,Grant,Password@123,Plant,Admin Support,
Lubna,Groffen,Password@123,Plant,Fabrication,Management
Måns,Gustafsson,Password@123,Plant,Fabrication,Management
Signe,Gustavsson,Password@123,Plant,Fabrication,Management
Vide,Gustavsson,Password@123,Plant,Fabrication,
Eric,Haarsma,Password@123,Plant,Fabrication,
Wolfgang,Hahn,Password@123,Plant,Fabrication,
Phoebe,Halley,Password@123,Plant,Fabrication,
Beau,Halligan,Password@123,Plant,Fabrication,
Erin,Hamilton,Password@123,Plant,Fabrication,
Natasha,Hanigan,Password@123,Plant,Fabrication,
Matteo,Hansson,Password@123,Plant,Fabrication,
Charlie,Harding,Password@123,Plant,Fabrication,
Zachary,Hardy,Password@123,Plant,Fabrication,
Chelsea,Harrison,Password@123,Plant,Fabrication,
Allison,Hash,Password@123,Plant,Fabrication,
Layla,Hawdon,Password@123,Plant,Fabrication,
Donald,Hawkins,Password@123,Plant,Fabrication,
Isabella,Hayward,Password@123,Plant,Fabrication,
Youssef,Hellström,Password@123,Plant,Fabrication,
Summer,Henschke,Password@123,Plant,Fabrication,
Rose,Henschke,Password@123,Plant,Fabrication,
Maik,Herz,Password@123,Plant,Fabrication,
David,Holley,Password@123,Plant,Fabrication,
Freja,Holmberg,Password@123,Plant,Fabrication,
Nanna,Holmgren,Password@123,Plant,Fabrication,
Gracie,Holt,Password@123,Plant,Fabrication,
Ellie,Hope,Password@123,Plant,Fabrication,
Matthias,Hueber,Password@123,Plant,Fabrication,
Sophie,Hueber,Password@123,Plant,Fabrication,
Liam,Humphries,Password@123,Plant,Fabrication,
Aimee,Hurst,Password@123,Plant,Fabrication,
Miriam,Iadanza,Password@123,Plant,Fabrication,
Sienna,Inglis,Password@123,Plant,Fabrication,
Patrick,Jackson,Password@123,Plant,Fabrication,
Isabelle,Jakobsson,Password@123,Plant,Fabrication,
Ceasar,Jakobsson,Password@123,Plant,Fabrication,
Joanna,Johansson,Password@123,Plant,Fabrication,
Maria,Johnson,Password@123,Plant,Fabrication,
Aurora,Johnsson,Password@123,Plant,Manufactuing,Management
Nea,Jonsson,Password@123,Plant,Manufactuing,
Aiden,Kable,Password@123,Plant,Manufactuing,
Markus,Kalb,Password@123,Plant,Manufactuing,
Kas,Kapteijn,Password@123,Plant,Manufactuing,
Anıl,Koele,Password@123,Plant,Manufactuing,
Ute,Kohl,Password@123,Plant,Manufactuing,
Hennie,Koopmans,Password@123,Plant,Manufactuing,
Maximilian,Krueger,Password@123,Plant,Manufactuing,
Steffen,Kruger,Password@123,Plant,Manufactuing,
Mathias,Kuefer,Password@123,Plant,Manufactuing,
Jonas,Kuester,Password@123,Plant,Manufactuing,
Ilian,Kwee,Password@123,Plant,Manufactuing,
Ezgi,Laban,Password@123,Plant,Manufactuing,
Sean,Lahey,Password@123,Plant,Manufactuing,
Leo,Lamb,Password@123,Plant,Manufactuing,
Nicole,Lang,Password@123,Plant,Manufactuing,
Dakota,Lay,Password@123,Plant,Manufactuing,
Jacob,Lazzarini,Password@123,Plant,Assembly,Management
Ralph,Leader,Password@123,Plant,Assembly,
Alex,Lees,Password@123,Plant,Assembly,
Florian,Lehmann,Password@123,Plant,Assembly,
Raffaello,Lettiere,Password@123,Plant,Assembly,
Jody,Leurink,Password@123,Plant,Assembly,
Daniela,Li Fonti,Password@123,Plant,Assembly,
Tristan,Lind,Password@123,Plant,Assembly,
Lovisa,Lind,Password@123,Plant,Assembly,
Brandon,Lindström,Password@123,Plant,Assembly,
Consolata,Lombardi,Password@123,Plant,Assembly,
Giordano,Longo,Password@123,Plant,Assembly,
Felice,Lorenzo,Password@123,Plant,Assembly,
Russell,Lu,Password@123,Plant,Assembly,
Guendalina,Lucchese,Password@123,Plant,Assembly,
Boris,Lucchese,Password@123,Plant,Assembly,
Lisa,Luft,Password@123,Plant,Assembly,
Slimane,Luiken,Password@123,Plant,Assembly,
Mariam,Lundgren,Password@123,Plant,Assembly,
Izak,Magnusson,Password@123,Plant,Assembly,
Finley,Mahmood,Password@123,Plant,Assembly,
Sabrina,Maier,Password@123,Plant,Assembly,
Giselda,Mancini,Password@123,Plant,Assembly,
Rosa,Manfrin,Password@123,Plant,Assembly,
Lizette,Mårtensson,Password@123,Plant,Assembly,
Alexander,Mårtensson,Password@123,Plant,Assembly,
Bethany,Mathews,Password@123,Plant,Assembly,
Jai,Mauldon,Password@123,Plant,Assembly,
Jennifer,Meier,Password@123,Plant,Assembly,
Violanda,Milanesi,Password@123,Plant,Assembly,
Colomba,Milani,Password@123,Plant,Assembly,
Augusto,Milani,Password@123,Plant,Glazing,Management
Alida,Milano,Password@123,Plant,Glazing,
Matthew,Mohan,Password@123,Plant,Glazing,
Maddison,Moran,Password@123,Plant,Glazing,
Frank,Mueller,Password@123,Plant,Glazing,
Charlotte,Murphy,Password@123,Plant,Glazing,
Reece,Myers,Password@123,Plant,Glazing,
Heike,Nagel,Password@123,Plant,Glazing,
Oliviero,Napolitani,Password@123,Plant,Glazing,
Rodrigo,Napolitano,Password@123,Plant,Glazing,
Georgia,Newman,Password@123,Plant,Glazing,
Georgina,Nicholls,Password@123,Plant,Glazing,
Jake,Nicolay,Password@123,Plant,Glazing,
Franz,Nolet,Password@123,Plant,Glazing,
Harmina,Nolte,Password@123,Plant,Glazing,
Ditta,Noordhoek,Password@123,Plant,Glazing,
Lukas,Nordin,Password@123,Plant,Glazing,
Noor,Nordström,Password@123,Plant,Glazing,
Eva,Norton,Password@123,Plant,Glazing,
Settimio,Onio,Password@123,Plant,Glazing,
Nikolina,Oosterhuis,Password@123,Plant,Glazing,
Maik,Oster,Password@123,Plant,Glazing,
Marie,Pabst,Password@123,Plant,Glazing,
Silvia,Padovesi,Password@123,Plant,Glazing,
Bianca,Padovesi,Password@123,Plant,Glazing,
Hunter,Patten,Password@123,Plant,Glazing,
John,Perez,Password@123,Plant,Glazing,
Elif,Pettersson,Password@123,Plant,Glazing,
Yonis,Pettersson,Password@123,Plant,Glazing,
Thorsten,Pfaff,Password@123,Plant,Glazing,
Oscar,Plummer,Password@123,Plant,Glazing,
Sandra,Pugliesi,Password@123,Plant,Glazing,
Oscar,Raws,Password@123,Plant,Glazing,
Aaliyah,Rhodes,Password@123,Plant,Glazing,
Costante,Ricci,Password@123,Plant,Glazing,
Chasity,Rigney,Password@123,Plant,Glazing,
Sandro,Rizzo,Password@123,Plant,Quality Assurance,Management
Ben,Robertson,Password@123,Plant,Quality Assurance,
Hedwig,Robinson,Password@123,Plant,Quality Assurance,
Benilde,Romano,Password@123,Plant,Quality Assurance,
Deacon,Roolvink,Password@123,Plant,Quality Assurance,
Thomas,Ross,Password@123,Plant,Quality Assurance,
Dalia,Rossi,Password@123,Plant,Quality Assurance,
Maddalena,Rossi,Password@123,Plant,Quality Assurance,
Jan,Rothschild,Password@123,Plant,Quality Assurance,
Daniel,Rudall,Password@123,Plant,Quality Assurance,
Kerstin,Saenger,Password@123,Plant,Quality Assurance,
Lucy,Sambell,Password@123,Plant,Quality Assurance,
Dirk,Schroder,Password@123,Plant,Quality Assurance,
Tim,Schröder,Password@123,Plant,Quality Assurance,
Jessica,Schuster,Password@123,Plant,Quality Assurance,
Matilda,Secombe,Password@123,Plant,Quality Assurance,
Raşit,Seinstra,Password@123,Plant,Quality Assurance,
Isaac,Siede,Password@123,Plant,Quality Assurance,
Judith,Simmons,Password@123,Plant,Quality Assurance,
Esmé,Smolders,Password@123,Plant,Quality Assurance,
Tintin,Söderström,Password@123,Plant,Quality Assurance,
Amin,Söderström,Password@123,Plant,Quality Assurance,
Dakota,Soubeiran,Password@123,Plant,Quality Assurance,
Jennifer,Sparks,Password@123,Plant,Quality Assurance,
Sean,Spears,Password@123,Plant,Plant Operations,Management
James,Spencer,Password@123,Plant,Plant Operations,
Anna,Summers,Password@123,Plant,Plant Operations,
Aston,Svensson,Password@123,Plant,Plant Operations,
Joann,Sweet,Password@123,Plant,Plant Operations,
Dax,Tabak,Password@123,Plant,Plant Operations,
Benjamin,Theiss,Password@123,Plant,Plant Operations,
Lauren,Tomlinson,Password@123,Plant,Plant Operations,
Germano,Toscani,Password@123,Plant,Plant Operations,
Niklas,Traugott,Password@123,Plant,Plant Operations,
Adolfo,Trentino,Password@123,Plant,Plant Operations,
Loredana,Trevisani,Password@123,Plant,Plant Operations,
Simone,Trevisano,Password@123,Plant,Plant Operations,
Rhys,Tyler,Password@123,Plant,Plant Operations,
Keira,Uther,Password@123,Plant,Plant Operations,
Amisha,Vaatstra,Password@123,Plant,Plant Operations,
Roelina,van Brakel,Password@123,Plant,Plant Operations,
Gauke,van der Looij,Password@123,Plant,Plant Operations,
Dewi,van der Roest,Password@123,Plant,Plant Operations,
Ashley,van Deutekom,Password@123,Plant,Plant Operations,
Arnaud,van Engeland,Password@123,Plant,Field Services,Management
Priscilla,van Haasteren,Password@123,Plant,Field Services,
Jaden,van Ling,Password@123,Plant,Field Services,
Annelies,van Westerop,Password@123,Plant,Field Services,
Freddie,Wade,Password@123,Plant,Field Services,
Klaus,Wannemaker,Password@123,Plant,Field Services,
Libby,Webb,Password@123,Plant,Field Services,
Brooke,Wells,Password@123,Plant,Field Services,
Hamzah,Wempe,Password@123,Plant,Field Services,
Keira,Weston,Password@123,Plant,Field Services,
Archer,Wilton,Password@123,Plant,Field Services,
Sienna,Woods,Password@123,Plant,Field Services,
Liselore,Wubben,Password@123,Plant,Field Services,
Nadine,Wulf,Password@123,Plant,Field Services,
Cesio,Zetticci,Password@123,Plant,Field Services,
